batch_name,sample_name,remote_sample_name,remote_batch_name,remote_batch_id
,site.ENA.subj.SAMEA104394706.lab.1.iso.1,11cfa14a-6e4c-4c06-85c4-ff65b0f0753b,sap4nc,6d77e219-82c8-4edd-9d59-fed656f3be85
,site.ENA.subj.SAMN08215132.lab.1.iso.1,ccc5d25f-9fcf-4fba-afc2-9cccaecec0d2,sap4nc,6d77e219-82c8-4edd-9d59-fed656f3be85
,site.ENA.subj.SAMN03647408.lab.1.iso.1,8ab9e9d2-fd7a-49a4-be7c-b8c4c1ef1546,sap4nc,6d77e219-82c8-4edd-9d59-fed656f3be85
,site.ENA.subj.SAMN03647375.lab.1.iso.1,6f8054a3-cbb3-4b2b-8cb4-b5fb62d18446,sap4nc,6d77e219-82c8-4edd-9d59-fed656f3be85
,site.ENA.subj.SAMEA2533964.lab.1.iso.1,17c9fa46-a710-47a2-b229-22fedccaab85,sap4nc,6d77e219-82c8-4edd-9d59-fed656f3be85
,site.ENA.subj.SAMEA2533964.lab.1.iso.1,846368fb-a5da-4fb3-8035-c334d29dc3c2,sap4nc,6d77e219-82c8-4edd-9d59-fed656f3be85
,site.ENA.subj.SAMEA2534826.lab.1.iso.1,10849b89-de9c-4bf5-b540-b951eb0cbe47,sap4nc,6d77e219-82c8-4edd-9d59-fed656f3be85
,site.ENA.subj.SAMN07659526.lab.1.iso.1,518dcc56-71be-47ca-8c9d-015a03b8b1d4,sap4nc,6d77e219-82c8-4edd-9d59-fed656f3be85
,site.ENA.subj.SAMN03647630.lab.1.iso.1,857e67ba-2a70-4f86-9f46-91bd414ca452,sap4nc,6d77e219-82c8-4edd-9d59-fed656f3be85
,site.ENA.subj.SAMEA1707144.lab.1.iso.1,0bd91012-d247-4347-85bc-c42ef8f6c9eb,sap4nc,6d77e219-82c8-4edd-9d59-fed656f3be85
,site.ENA.subj.SAMEA2533489.lab.1.iso.1,13989569-04c4-447e-9651-c5ea523b2d32,sap4nc,6d77e219-82c8-4edd-9d59-fed656f3be85
,site.ENA.subj.SAMN07236258.lab.1.iso.1,fc0265e1-ad38-4bc8-a015-64a6d2833dfd,sap4nc,6d77e219-82c8-4edd-9d59-fed656f3be85
,site.ENA.subj.SAMEA961598.lab.1.iso.1,c3d21786-ec13-4136-832e-bcbca1867780,sap4nc,6d77e219-82c8-4edd-9d59-fed656f3be85
,site.ENA.subj.SAMEA961579.lab.1.iso.1,6b0df516-bef9-4e4a-89f6-ad5a70187d47,sap4nc,6d77e219-82c8-4edd-9d59-fed656f3be85
,site.ENA.subj.SAMN05276318.lab.1.iso.1,b2bfcb23-b6d0-47cc-bf00-9a92c1d60e73,sap4nc,6d77e219-82c8-4edd-9d59-fed656f3be85
,site.ENA.subj.SAMEA2533756.lab.1.iso.1,5fa5d878-8fc0-448a-b350-b63728c96223,sap4nc,6d77e219-82c8-4edd-9d59-fed656f3be85
,site.ENA.subj.SAMEA1403592.lab.1.iso.1,915081ed-161c-49ce-9baf-f0e4f26ff7d7,sap4nc,6d77e219-82c8-4edd-9d59-fed656f3be85
,site.ENA.subj.SAMN08215094.lab.1.iso.1,c95a1784-6a2e-42b5-9c7d-9e8729139acf,sap4nc,6d77e219-82c8-4edd-9d59-fed656f3be85
,site.ENA.subj.SAMN03647207.lab.1.iso.1,3237c6d9-dca5-4431-9004-5aebaeb26478,sap4nc,6d77e219-82c8-4edd-9d59-fed656f3be85
,site.ENA.subj.SAMN03647811.lab.1.iso.1,eb0a823d-e111-40b6-8018-d915c9d87723,sap4nc,6d77e219-82c8-4edd-9d59-fed656f3be85
,site.ENA.subj.SAMN03649042.lab.1.iso.1,3f7f1a55-6b27-4543-8dd7-9c75a82efe6a,sap4nc,6d77e219-82c8-4edd-9d59-fed656f3be85
,site.ENA.subj.SAMN08215201.lab.1.iso.1,1409b043-2775-4ce3-9803-2100fcd39b2f,sap4nc,6d77e219-82c8-4edd-9d59-fed656f3be85
,site.ENA.subj.SAMN03648984.lab.1.iso.1,b615272f-1dca-47ad-ad52-6d78b08dea5d,sap4nc,6d77e219-82c8-4edd-9d59-fed656f3be85
,site.ENA.subj.SAMN07236451.lab.1.iso.1,b9f237f2-0170-469b-aa82-2e4d989b7eff,sap4nc,6d77e219-82c8-4edd-9d59-fed656f3be85
,site.ENA.subj.SAMN03648225.lab.1.iso.1,f880f8f9-3e96-4775-b52f-0751c0c37821,sap4nc,6d77e219-82c8-4edd-9d59-fed656f3be85
,site.ENA.subj.SAMEA104394674.lab.1.iso.1,957343b8-af0f-4de3-8797-8c6614bfd8a3,sap4nc,6d77e219-82c8-4edd-9d59-fed656f3be85
,site.ENA.subj.SAMEA104394674.lab.1.iso.1,ac374813-66fe-4585-9dd9-a36265d12ab3,sap4nc,6d77e219-82c8-4edd-9d59-fed656f3be85
,site.ENA.subj.SAMEA104394448.lab.1.iso.1,2edaf070-38e6-4ee0-82f4-d7b979b2f69b,sap4nc,6d77e219-82c8-4edd-9d59-fed656f3be85
,site.ENA.subj.SAMN03648524.lab.1.iso.1,cdefd6ab-3793-4a7d-b9a8-bba749aa8a0c,sap4nc,6d77e219-82c8-4edd-9d59-fed656f3be85
,site.ENA.subj.SAMEA1707338.lab.1.iso.1,a9981f0b-cb4d-4151-be0b-232d373e2654,sap4nc,6d77e219-82c8-4edd-9d59-fed656f3be85
,site.ENA.subj.SAMN07766345.lab.1.iso.1,60937844-a6af-4cbf-b60a-49916e48a448,sap4nc,6d77e219-82c8-4edd-9d59-fed656f3be85
,site.ENA.subj.SAMEA2534582.lab.1.iso.1,51716a33-34b0-4d01-b89b-5b464b55d060,sap4nc,6d77e219-82c8-4edd-9d59-fed656f3be85
,site.ENA.subj.SAMEA2534582.lab.1.iso.1,bb00abd0-4c2a-4260-ae90-36b535466bde,sap4nc,6d77e219-82c8-4edd-9d59-fed656f3be85
,site.ENA.subj.SAMN01908899.lab.1.iso.1,1aca986f-cb31-47c9-88a9-7bc93f28892f,sap4nc,6d77e219-82c8-4edd-9d59-fed656f3be85
,site.ENA.subj.SAMN08214763.lab.1.iso.1,c3e60d6d-e245-4310-a6ec-77888562f1f2,sap4nc,6d77e219-82c8-4edd-9d59-fed656f3be85
,site.ENA.subj.SAMN01908825.lab.1.iso.1,9c745470-61b2-436b-a2d3-e81303d2dd4c,sap4nc,6d77e219-82c8-4edd-9d59-fed656f3be85
,site.ENA.subj.SAMEA104172487.lab.1.iso.1,fc63a128-be61-4c4a-b4f7-79536ca6a434,sap4nc,6d77e219-82c8-4edd-9d59-fed656f3be85
,site.ENA.subj.SAMN07766379.lab.1.iso.1,afc39027-d682-4a72-983d-a621088b426d,sap4nc,6d77e219-82c8-4edd-9d59-fed656f3be85
,site.ENA.subj.SAMN07658683.lab.1.iso.1,af9c7998-e5f7-4a9f-b500-fb1db4e4d7f8,sap4nc,6d77e219-82c8-4edd-9d59-fed656f3be85
,site.ENA.subj.SAMN07766182.lab.1.iso.1,1153ab15-4981-46fe-9354-71e80c61578b,sap4nc,6d77e219-82c8-4edd-9d59-fed656f3be85
,site.ENA.subj.SAMN03648925.lab.1.iso.1,8e41dcea-ba39-4bee-98cc-757bdc26a2a4,sap4nc,6d77e219-82c8-4edd-9d59-fed656f3be85
,site.ENA.subj.SAMEA104172452.lab.1.iso.1,58cdc145-561f-4af4-b653-3e2b7fefd0f0,sap4nc,6d77e219-82c8-4edd-9d59-fed656f3be85
,site.ENA.subj.SAMN08215441.lab.1.iso.1,3136772f-3c50-4dfd-a0ae-bbcac52ac78c,sap4nc,6d77e219-82c8-4edd-9d59-fed656f3be85
,site.ENA.subj.SAMEA2533633.lab.1.iso.1,bb8e8199-480e-4c92-a623-c0d92ad69f81,sap4nc,6d77e219-82c8-4edd-9d59-fed656f3be85
,site.ENA.subj.SAMN07236350.lab.1.iso.1,dc5789cd-b292-4c70-b5ef-8b5117568492,sap4nc,6d77e219-82c8-4edd-9d59-fed656f3be85
,site.ENA.subj.SAMN03648250.lab.1.iso.1,c0a4fd7a-c703-437c-87a2-559af456c583,sap4nc,6d77e219-82c8-4edd-9d59-fed656f3be85
,site.ENA.subj.SAMN03648362.lab.1.iso.1,4d514cdf-8a02-44c7-816c-02cb9c145079,sap4nc,6d77e219-82c8-4edd-9d59-fed656f3be85
,site.ENA.subj.SAMN07658281.lab.1.iso.1,88ecc5ca-c2e6-46ff-b112-4dc234f218ef,sap4nc,6d77e219-82c8-4edd-9d59-fed656f3be85
,site.ENA.subj.SAMN03648627.lab.1.iso.1,709911d3-dee4-47f6-8034-571522643a2c,sap4nc,6d77e219-82c8-4edd-9d59-fed656f3be85
,site.ENA.subj.SAMN07766027.lab.1.iso.1,cf1bd0d5-ccb1-4ddf-9fa4-9e023e8dfed1,sap4nc,6d77e219-82c8-4edd-9d59-fed656f3be85
,site.ENA.subj.SAMEA1469528.lab.1.iso.1,bc7a367a-7dd1-4fac-a9f6-f498b686edba,sap4nc,6d77e219-82c8-4edd-9d59-fed656f3be85
,site.ENA.subj.SAMEA1403990.lab.1.iso.1,b5d41ba3-fea2-4409-bd5f-2935ee911d65,sap4nc,6d77e219-82c8-4edd-9d59-fed656f3be85
,site.ENA.subj.SAMEA2533871.lab.1.iso.1,fe1cf6a9-9d09-42f8-8217-4cc0e263f68f,sap4nc,6d77e219-82c8-4edd-9d59-fed656f3be85
,site.ENA.subj.SAMEA1019194.lab.1.iso.1,82a396e1-9557-4a9e-a4eb-9bf56df6ea8f,sap4nc,6d77e219-82c8-4edd-9d59-fed656f3be85
,site.ENA.subj.SAMN03647354.lab.1.iso.1,85294247-e5a9-4861-aaf9-c5be568ee614,sap4nc,6d77e219-82c8-4edd-9d59-fed656f3be85
,site.ENA.subj.SAMN08214809.lab.1.iso.1,7b761c9b-4e9c-4004-a297-45d315c522cf,sap4nc,6d77e219-82c8-4edd-9d59-fed656f3be85
,site.ENA.subj.SAMN03647551.lab.1.iso.1,0ef2c2d7-ddfb-49bd-9b6e-439b6d2d8013,sap4nc,6d77e219-82c8-4edd-9d59-fed656f3be85
,site.ENA.subj.SAMEA1403579.lab.1.iso.1,7337453e-0d0d-4ce5-a357-f0ffd32717e5,sap4nc,6d77e219-82c8-4edd-9d59-fed656f3be85
,site.ENA.subj.SAMN03648763.lab.1.iso.1,19168e07-59fa-4107-b886-71a40038a8f0,sap4nc,6d77e219-82c8-4edd-9d59-fed656f3be85
,site.ENA.subj.SAMN07660296.lab.1.iso.1,ba688492-2e18-49e4-9379-2ece954e69ef,sap4nc,6d77e219-82c8-4edd-9d59-fed656f3be85
,site.ENA.subj.SAMN07236505.lab.1.iso.1,2f506cf8-1d59-48b8-990d-351d820128c3,sap4nc,6d77e219-82c8-4edd-9d59-fed656f3be85
,site.ENA.subj.SAMEA1016056.lab.1.iso.1,7a154925-7a19-4ccb-9bd1-53db10af1087,sap4nc,6d77e219-82c8-4edd-9d59-fed656f3be85
,site.ENA.subj.SAMN08214804.lab.1.iso.1,b8d538b8-1e8d-40f2-ae5e-0cc01e593899,sap4nc,6d77e219-82c8-4edd-9d59-fed656f3be85
,site.ENA.subj.SAMN03647114.lab.1.iso.1,6145292a-6729-4a31-9df8-e2dc0cae8b6f,sap4nc,6d77e219-82c8-4edd-9d59-fed656f3be85
,site.ENA.subj.SAMN03647993.lab.1.iso.1,809b2e16-e5fb-4109-abb9-3d6f0968b08d,sap4nc,6d77e219-82c8-4edd-9d59-fed656f3be85
,site.ENA.subj.SAMN03647781.lab.1.iso.1,78cc268c-1422-47a8-b180-6ef1b6d0bff4,sap4nc,6d77e219-82c8-4edd-9d59-fed656f3be85
,site.ENA.subj.SAMN01908776.lab.1.iso.1,20d9d624-d8d0-4c7c-9273-9d6863415bb8,sap4nc,6d77e219-82c8-4edd-9d59-fed656f3be85
,site.ENA.subj.SAMN03647295.lab.1.iso.1,fd3f4ad3-68bc-4437-b68a-2d9b1f5aed66,sap4nc,6d77e219-82c8-4edd-9d59-fed656f3be85
,site.ENA.subj.SAMN03648077.lab.1.iso.1,2e04f50a-c74e-47c5-aeb1-e1f179b63028,sap4nc,6d77e219-82c8-4edd-9d59-fed656f3be85
,site.ENA.subj.SAMN07659930.lab.1.iso.1,e3a2c6cd-090c-4413-8156-6f0189deae27,sap4nc,6d77e219-82c8-4edd-9d59-fed656f3be85
,site.ENA.subj.SAMEA104394703.lab.1.iso.1,40a43cac-ef3c-4ef2-902d-37e5bd7473ac,sap4nc,6d77e219-82c8-4edd-9d59-fed656f3be85
,site.ENA.subj.SAMEA1403709.lab.1.iso.1,14d82138-17a6-4cbc-b3ac-310795b6a66a,sap4nc,6d77e219-82c8-4edd-9d59-fed656f3be85
,site.ENA.subj.SAMN07658446.lab.1.iso.1,38650263-96d7-46be-87eb-6903a7ad53f1,sap4nc,6d77e219-82c8-4edd-9d59-fed656f3be85
,site.ENA.subj.SAMEA104394453.lab.1.iso.1,ae8191b2-2e64-465c-82f3-7047fce03274,sap4nc,6d77e219-82c8-4edd-9d59-fed656f3be85
,site.ENA.subj.SAMEA1016038.lab.1.iso.1,c4b8906d-28c7-46fe-a65c-36f6d91c2f7c,sap4nc,6d77e219-82c8-4edd-9d59-fed656f3be85
,site.ENA.subj.SAMEA104394685.lab.1.iso.1,f5e986f8-99bb-4675-afbb-011f3a6bb420,sap4nc,6d77e219-82c8-4edd-9d59-fed656f3be85
,site.ENA.subj.SAMEA2534732.lab.1.iso.1,19dc2d93-ab4a-4fd2-af8f-55acb9257ebb,sap4nc,6d77e219-82c8-4edd-9d59-fed656f3be85
,site.ENA.subj.SAMEA2534732.lab.1.iso.1,50a9393b-4a46-422d-9330-e9144016be88,sap4nc,6d77e219-82c8-4edd-9d59-fed656f3be85
,site.ENA.subj.SAMEA2534732.lab.1.iso.1,595aea0d-85c1-4abe-8fa3-3250e46e9d9e,sap4nc,6d77e219-82c8-4edd-9d59-fed656f3be85
,site.ENA.subj.SAMN07766100.lab.1.iso.1,7c48fc81-b862-4da0-9415-313188af9ff8,sap4nc,6d77e219-82c8-4edd-9d59-fed656f3be85
,site.ENA.subj.SAMN07766210.lab.1.iso.1,a6514421-13f2-499b-bc48-d1f9bbc46861,sap4nc,6d77e219-82c8-4edd-9d59-fed656f3be85
