uniqueid,gene,mutation,drug,prediction,catalogue_name,evidence,catalogue_version,prediction_values
final,embB,M306V,EMB,R,WHO-UCN-GTB-PCI-2023.5,"{'Observed_samples': {'Present_SOLO_SR': 2658, 'Present_SOLO_R': 2125, 'Present_SOLO_S': 533}, 'Additional grading criteria applied': None, 'FINAL CONFIDENCE GRADING': '1) Assoc w R', 'INITIAL CONFIDENCE GRADING': '1) Assoc w R', 'WHO HGVS': 'embB_p.Met306Val'}",2.0,RFUS
final,ethA,S266R,ETH,U,WHO-UCN-GTB-PCI-2023.5,{'reporting_rule': 'True'},2.0,RFUS
final,fabG1,c-15t,ETH,R,WHO-UCN-GTB-PCI-2023.5,"{'Observed_samples': {'Present_SOLO_SR': 1434, 'Present_SOLO_R': 939, 'Present_SOLO_S': 495}, 'Additional grading criteria applied': None, 'FINAL CONFIDENCE GRADING': '1) Assoc w R', 'INITIAL CONFIDENCE GRADING': '1) Assoc w R', 'WHO HGVS': 'inhA_c.-777C>T'}",2.0,RFUS
final,fabG1,c-15t,INH,R,WHO-UCN-GTB-PCI-2023.5,"{'Observed_samples': {'Present_SOLO_SR': 1112, 'Present_SOLO_R': 976, 'Present_SOLO_S': 136}, 'Additional grading criteria applied': None, 'FINAL CONFIDENCE GRADING': '1) Assoc w R', 'INITIAL CONFIDENCE GRADING': '1) Assoc w R', 'WHO HGVS': 'inhA_c.-777C>T'}",2.0,RFUS
final,fgd1,F320F,DLM,S,WHO-UCN-GTB-PCI-2023.5,{'reporting_rule': 'True'},2.0,RFUS
final,gid,A205A,STM,S,WHO-UCN-GTB-PCI-2023.5,{'reporting_rule': 'True'},2.0,RFUS
final,gid,E92D,STM,S,WHO-UCN-GTB-PCI-2023.5,"{'Observed_samples': {'Present_SOLO_SR': 8, 'Present_SOLO_R': 3, 'Present_SOLO_S': 5}, 'Additional grading criteria applied': None, 'FINAL CONFIDENCE GRADING': '5) Not assoc w R', 'INITIAL CONFIDENCE GRADING': '5) Not assoc w R', 'WHO HGVS': 'gid_p.Glu92Asp'}",2.0,RFUS
final,gyrA,E21Q,LEV,S,WHO-UCN-GTB-PCI-2023.5,"{'Observed_samples': {'Present_SOLO_SR': 1585, 'Present_SOLO_R': 42, 'Present_SOLO_S': 1543}, 'Additional grading criteria applied': None, 'FINAL CONFIDENCE GRADING': '5) Not assoc w R', 'INITIAL CONFIDENCE GRADING': '5) Not assoc w R', 'WHO HGVS': 'gyrA_p.Glu21Gln'}",2.0,RFUS
final,gyrA,E21Q,MXF,S,WHO-UCN-GTB-PCI-2023.5,"{'Observed_samples': {'Present_SOLO_SR': 1170, 'Present_SOLO_R': 22, 'Present_SOLO_S': 1148}, 'Additional grading criteria applied': None, 'FINAL CONFIDENCE GRADING': '5) Not assoc w R', 'INITIAL CONFIDENCE GRADING': '5) Not assoc w R', 'WHO HGVS': 'gyrA_p.Glu21Gln'}",2.0,RFUS
final,gyrA,G668D,LEV,S,WHO-UCN-GTB-PCI-2023.5,"{'Observed_samples': {'Present_SOLO_SR': 19, 'Present_SOLO_R': 7, 'Present_SOLO_S': 12}, 'Additional grading criteria applied': None, 'FINAL CONFIDENCE GRADING': '5) Not assoc w R', 'INITIAL CONFIDENCE GRADING': '5) Not assoc w R', 'WHO HGVS': 'gyrA_p.Gly668Asp'}",2.0,RFUS
final,gyrA,G668D,MXF,S,WHO-UCN-GTB-PCI-2023.5,"{'Observed_samples': {'Present_SOLO_SR': 20, 'Present_SOLO_R': 5, 'Present_SOLO_S': 15}, 'Additional grading criteria applied': None, 'FINAL CONFIDENCE GRADING': '5) Not assoc w R', 'INITIAL CONFIDENCE GRADING': '5) Not assoc w R', 'WHO HGVS': 'gyrA_p.Gly668Asp'}",2.0,RFUS
final,gyrA,S95T,LEV,S,WHO-UCN-GTB-PCI-2023.5,"{'Observed_samples': {'Present_SOLO_SR': 23, 'Present_SOLO_R': 1, 'Present_SOLO_S': 22}, 'Additional grading criteria applied': None, 'FINAL CONFIDENCE GRADING': '5) Not assoc w R', 'INITIAL CONFIDENCE GRADING': '5) Not assoc w R', 'WHO HGVS': 'gyrA_p.Ser95Thr'}",2.0,RFUS
final,gyrA,S95T,MXF,S,WHO-UCN-GTB-PCI-2023.5,"{'Observed_samples': {'Present_SOLO_SR': 17, 'Present_SOLO_R': 0, 'Present_SOLO_S': 17}, 'Additional grading criteria applied': None, 'FINAL CONFIDENCE GRADING': '5) Not assoc w R', 'INITIAL CONFIDENCE GRADING': '5) Not assoc w R', 'WHO HGVS': 'gyrA_p.Ser95Thr'}",2.0,RFUS
final,inhA,I194T,ETH,U,WHO-UCN-GTB-PCI-2023.5,{'reporting_rule': 'True'},2.0,RFUS
final,inhA,I194T,INH,U,WHO-UCN-GTB-PCI-2023.5,"{'Observed_samples': {'Present_SOLO_SR': 5, 'Present_SOLO_R': 5, 'Present_SOLO_S': 0}, 'Additional grading criteria applied': None, 'FINAL CONFIDENCE GRADING': '3) Uncertain significance', 'INITIAL CONFIDENCE GRADING': '3) Uncertain significance', 'WHO HGVS': 'inhA_p.Ile194Thr'}",2.0,RFUS
final,katG,G285C,INH,U,WHO-UCN-GTB-PCI-2023.5,"{'Observed_samples': {'Present_SOLO_SR': 1, 'Present_SOLO_R': 1, 'Present_SOLO_S': 0}, 'Additional grading criteria applied': None, 'FINAL CONFIDENCE GRADING': '3) Uncertain significance', 'INITIAL CONFIDENCE GRADING': '3) Uncertain significance', 'WHO HGVS': 'katG_p.Gly285Cys'}",2.0,RFUS
final,katG,R463L,INH,S,WHO-UCN-GTB-PCI-2023.5,"{'Observed_samples': {'Present_SOLO_SR': 7356, 'Present_SOLO_R': 327, 'Present_SOLO_S': 7029}, 'Additional grading criteria applied': None, 'FINAL CONFIDENCE GRADING': '5) Not assoc w R', 'INITIAL CONFIDENCE GRADING': '5) Not assoc w R', 'WHO HGVS': 'katG_p.Arg463Leu'}",2.0,RFUS
final,mmpL5,I948V,BDQ,S,WHO-UCN-GTB-PCI-2023.5,"{'Observed_samples': {'Present_SOLO_SR': 5468, 'Present_SOLO_R': 55, 'Present_SOLO_S': 5413}, 'Additional grading criteria applied': 'Literature evidence (PMID 28031270; 34503982)', 'FINAL CONFIDENCE GRADING': '4) Not assoc w R - Interim', 'INITIAL CONFIDENCE GRADING': '5) Not assoc w R', 'WHO HGVS': 'mmpL5_p.Ile948Val'}",2.0,RFUS
final,mmpL5,I948V,CFZ,S,WHO-UCN-GTB-PCI-2023.5,"{'Observed_samples': {'Present_SOLO_SR': 50, 'Present_SOLO_R': 1, 'Present_SOLO_S': 49}, 'Additional grading criteria applied': None, 'FINAL CONFIDENCE GRADING': '5) Not assoc w R', 'INITIAL CONFIDENCE GRADING': '5) Not assoc w R', 'WHO HGVS': 'mmpL5_p.Ile948Val'}",2.0,RFUS
final,mmpL5,T794I,BDQ,S,WHO-UCN-GTB-PCI-2023.5,"{'Observed_samples': {'Present_SOLO_SR': 4, 'Present_SOLO_R': 0, 'Present_SOLO_S': 4}, 'Additional grading criteria applied': 'Literature evidence (PMID 28031270; 34503982)', 'FINAL CONFIDENCE GRADING': '4) Not assoc w R - Interim', 'INITIAL CONFIDENCE GRADING': '5) Not assoc w R', 'WHO HGVS': 'mmpL5_p.Thr794Ile'}",2.0,RFUS
final,mmpL5,T794I,CFZ,S,WHO-UCN-GTB-PCI-2023.5,"{'Observed_samples': {'Present_SOLO_SR': 0, 'Present_SOLO_R': 0, 'Present_SOLO_S': 0}, 'Additional grading criteria applied': None, 'FINAL CONFIDENCE GRADING': '5) Not assoc w R', 'INITIAL CONFIDENCE GRADING': '5) Not assoc w R', 'WHO HGVS': 'mmpL5_p.Thr794Ile'}",2.0,RFUS
final,rpoB,A1075A,RIF,S,WHO-UCN-GTB-PCI-2023.5,{'reporting_rule': 'True'},2.0,RFUS
final,rpoB,H445D,RIF,R,WHO-UCN-GTB-PCI-2023.5,"{'Observed_samples': {'Present_SOLO_SR': 574, 'Present_SOLO_R': 565, 'Present_SOLO_S': 9}, 'Additional grading criteria applied': None, 'FINAL CONFIDENCE GRADING': '1) Assoc w R', 'INITIAL CONFIDENCE GRADING': '1) Assoc w R', 'WHO HGVS': 'rpoB_p.His445Asp'}",2.0,RFUS
final,rpsL,K43R,STM,R,WHO-UCN-GTB-PCI-2023.5,"{'Observed_samples': {'Present_SOLO_SR': 3489, 'Present_SOLO_R': 3409, 'Present_SOLO_S': 80}, 'Additional grading criteria applied': None, 'FINAL CONFIDENCE GRADING': '1) Assoc w R', 'INITIAL CONFIDENCE GRADING': '1) Assoc w R', 'WHO HGVS': 'rpsL_p.Lys43Arg'}",2.0,RFUS
final,tlyA,L11L,CAP,S,WHO-UCN-GTB-PCI-2023.5,{'reporting_rule': 'True'},2.0,RFUS
